Depth (m),ngC L-1 h-1,PHP (mg C m-3 d-1)
80,0.003402,8.16479999999999E-05
100,0.011907,0.000285768
150,0.136323,0.003271752
200,0.004617,0.000110808
