Depth (m),ngC L-1 h-1,PHP (mg C m-3 d-1)
100,0.224,0.005376
150,0.238,0.005712
200,0.07,0.00168
