Depth (m),ngC L-1 h-1,PHP (mg C m-3 d-1)
70,0.105,0.00252
75,0.714,0.017136
100,0.238,0.005712
