Depth (m),ngC L-1 h-1,PHP (mg C m-3 d-1)
70,0.059292,0.001423008
75,0.008019,0.000192456
80,0.026973,0.000647352
100,0.015066,0.000361584
