Depth (m),ngC L-1 h-1,PHP (mg C m-3 d-1)
70,0.287,0.006888
80,0.315,0.00756
90,0.091,0.002184
200,0.098,0.002352
