Depth (m),ngC L-1 h-1,PHP (mg C m-3 d-1)
70,0.04131,0.00099144
80,0.00486,0.00011664
90,0.000243,5.83199999999988E-06
200,0.005346,0.000128304
